unique words	median word length	english percent	full text path	original path
1290	7	0.9573643	f/fa763c9c.txt	https://onbeing.org/programs/alain-de-botton-the-true-hard-work-of-love-and-relationships-feb2017
1379	7	0.9586657	8/8a2eb6b9.txt	https://onbeing.org/programs/adam-gopnik-practicing-doubt-redrawing-faith
1379	7	0.9347353	d/d415810a.txt	https://onbeing.org/programs/adrian-ivakhiv-pagans-ancient-and-modern
1416	7	0.9618644	e/e5ad70b.txt	https://onbeing.org/programs/alain-de-botton-a-school-of-life-for-atheists-2
1421	7	0.9549613	d/df2ef18c.txt	https://onbeing.org/programs/adam-grant-successful-givers-toxic-takers-and-the-life-we-spend-at-work
1351	7	0.9452258	4/4885f730.txt	https://onbeing.org/programs/adele-diamond-the-science-of-attention
1262	7	0.92947704	d/d51104be.txt	https://onbeing.org/programs/ahmed-h-al-rahim-a-perspective-on-islam-in-iraq
1292	7	0.93575853	1/14db52de.txt	https://onbeing.org/programs/abdul-rasheed-muhammad-serving-country-serving-allah
1076	6	0.9618959	f/fabc2609.txt	https://onbeing.org/programs/alice-parker-singing-is-the-most-companionable-of-arts
1230	6	0.9292683	a/a134a08.txt	https://onbeing.org/programs/amahl-bishara-nidal-al-azraq-pleasure-more-than-hope
1182	6	0.9534687	2/2e6c94cf.txt	https://onbeing.org/programs/alan-rabinowitz-a-voice-for-the-animals
1004	6	0.96414346	6/6083cd53.txt	https://onbeing.org/programs/alan-dienstag-alzheimers-and-the-spiritual-terrain-of-memory
1326	6	0.9607843	8/82f49f49.txt	https://onbeing.org/programs/anchee-min-surviving-the-religion-of-mao
1307	6	0.9502678	6/6c15fb9.txt	https://onbeing.org/programs/amy-sullivan-the-faith-life-of-the-party-part-i-the-left
1351	6	0.93560326	2/23e76f7e.txt	https://onbeing.org/programs/amichai-lau-lavie-first-aid-for-spiritual-seekers-jul2017
1379	6	0.9485134	f/f67b146d.txt	https://onbeing.org/programs/andrew-freear-an-architecture-of-decency
1389	7	0.94888407	5/592e1701.txt	https://onbeing.org/programs/andrew-zolli-a-shift-to-humility-resilience-and-expanding-the-edge-of-change
1048	6	0.96374047	b/b284b8f9.txt	https://onbeing.org/programs/ann-hamilton-making-and-the-spaces-we-share
1430	6	0.95244753	7/715a015e.txt	https://onbeing.org/programs/anil-dash-techs-moral-reckoning-jan2017
1314	6	0.9589041	6/603bae3a.txt	https://onbeing.org/programs/anita-desai-andrew-robinson-the-modern-resonance-of-rabindranath-tagore
1220	7	0.94508195	e/e7572ca3.txt	https://onbeing.org/programs/annette-gordon-reed-and-titus-kaphar-are-we-actually-citizens-here-jun2017
1460	7	0.9438356	d/d47ba1e4.txt	https://onbeing.org/programs/anthea-butler-arlene-sanchez-walsh-reviving-sister-aimee-2
1378	6	0.9426705	a/a41bf598.txt	https://onbeing.org/programs/anoushka-shankar-stephen-mitchell-and-roberta-bondi-approaching-prayer
1353	7	0.9423503	7/70232f95.txt	https://onbeing.org/programs/arthur-zajonc-holding-life-consciously
1190	7	0.9697479	3/34d8da4c.txt	https://onbeing.org/programs/arthur-zajonc-michael-mccullough-mind-and-morality-a-dialogue
1160	6	0.9577586	6/675b9407.txt	https://onbeing.org/programs/avivah-zornberg-the-genesis-of-desire
1412	7	0.9610482	c/ccec8723.txt	https://onbeing.org/programs/arnold-eisen-the-spiritual-audacity-of-abraham-joshua-heschel
1364	6	0.9501466	a/a4d23826.txt	https://onbeing.org/programs/avivah-zornberg-exodus-cargo-of-hidden-stories
1238	6	0.9676898	8/8a01600c.txt	https://onbeing.org/programs/b-j-miller-reframing-our-relationship-to-that-we-dont-control
1204	7	0.9601329	4/40e7db96.txt	https://onbeing.org/programs/avivah-zornberg-the-transformation-of-pharaoh-moses-and-god
1188	6	0.9604377	1/1174f9f9.txt	https://onbeing.org/programs/basil-brave-heart-susan-cheever-spirituality-and-recovery
1361	6	0.9617928	1/18b8054e.txt	https://onbeing.org/programs/barbara-kingsolver-the-ethics-of-eating
1183	6	0.9408284	c/c1fdafb9.txt	https://onbeing.org/programs/bela-fleck-abigail-washburn-truth-beauty-banjo
1225	6	0.9510204	7/7ca7709d.txt	https://onbeing.org/programs/bernard-chazelle-discovering-the-cosmology-of-bach
1533	6	0.9425962	9/9b87bef9.txt	https://onbeing.org/programs/bill-mckibben-the-moral-math-of-climate-change
1510	7	0.9370861	6/6232d8d7.txt	https://onbeing.org/programs/binyavanga-wainaina-the-ethics-of-aid-one-kenyans-perspective
1274	7	0.9481947	e/e2c83973.txt	https://onbeing.org/programs/bessel-van-der-kolk-how-trauma-lodges-in-the-body-mar2017
993	6	0.95065457	4/4f8afec1.txt	https://onbeing.org/programs/bobby-mcferrin-catching-song
1278	7	0.96478873	1/1dbe9999.txt	https://onbeing.org/programs/brian-greene-reimagining-the-cosmos-jun2017
1419	6	0.9309373	4/43170cc1.txt	https://onbeing.org/programs/billy-mills-christina-torres-ashley-hicks-et-al-running-as-spiritual-practice-jul2017
1119	6	0.9579982	9/9fa05563.txt	https://onbeing.org/programs/brene-brown-the-courage-to-be-vulnerable
1320	6	0.95757574	a/a45ba77d.txt	https://onbeing.org/programs/brian-mclaren-the-equation-of-change
1380	6	0.92608696	7/7a78707c.txt	https://onbeing.org/programs/bruce-feiler-children-of-abraham
947	6	0.96620905	9/9718b408.txt	https://onbeing.org/programs/bruce-kramer-forgiving-the-body-life-with-als
1336	7	0.95733535	b/b0700009.txt	https://onbeing.org/programs/carl-feit-anne-foerst-and-lindon-eaves-science-and-being
1473	7	0.94229466	6/630660e2.txt	https://onbeing.org/programs/cal-dewitt-and-majora-carter-discovering-where-we-live-reimagining-environmentalism
979	6	0.97139937	d/dc3d118.txt	https://onbeing.org/programs/carrie-newcomer-a-conversation-with-music
1407	7	0.9559346	f/fd636717.txt	https://onbeing.org/programs/charles-haynes-philip-hamburger-and-cheryl-crazy-bull-religious-liberty-in-america-the-legacy-of-church-and-state
1026	7	0.9736842	f/fc880b.txt	https://onbeing.org/programs/carlo-rovelli-all-reality-is-interaction-mar2017
1245	7	0.92128515	4/42bfd587.txt	https://onbeing.org/programs/charles-villa-vicencio-and-pumla-gobodo-madikizela-truth-and-reconciliation
1325	7	0.94037735	c/c02d7839.txt	https://onbeing.org/programs/christopher-howard-nancy-cantor-beyond-the-ivory-tower
1236	6	0.9595469	8/8c2df61c.txt	https://onbeing.org/programs/christian-wiman-a-call-to-doubt-and-faith-and-remembering-god
1541	7	0.953926	9/99a0b92c.txt	https://onbeing.org/programs/chuck-colson-greg-boyd-and-shane-claiborne-how-to-be-a-christian-citizen-three-evangelicals-debate-feb2017
1024	6	0.9550781	2/2e2314d9.txt	https://onbeing.org/programs/craig-minowa-music-and-the-ritual-of-performance
1406	7	0.94736844	9/9d047dad.txt	https://onbeing.org/programs/columba-stewart-and-getatchew-haile-preserving-words-and-worlds
1428	7	0.9460784	a/ae0d4a74.txt	https://onbeing.org/programs/coleen-rowley-and-tim-mcguire-work-and-conscience
1139	7	0.9666374	9/9bd8fadc.txt	https://onbeing.org/programs/dan-and-sue-hanson-room-for-j-one-familys-struggle-with-schizophrenia
1374	7	0.93886465	1/1ba34373.txt	https://onbeing.org/programs/danah-boyd-the-internet-of-the-good-the-bad-and-the-ugly-jul2017
1400	6	0.9392857	f/f2dc53a8.txt	https://onbeing.org/programs/dan-barber-driven-by-flavor
1227	6	0.9568052	a/aae27976.txt	https://onbeing.org/programs/dario-robleto-sculptor-of-memory
1457	7	0.945779	d/dd3fc070.txt	https://onbeing.org/programs/darius-rejali-the-long-shadow-of-torture
1279	7	0.94917905	f/fe7afa94.txt	https://onbeing.org/programs/david-blankenhorn-and-jonathan-rauch-the-future-of-marriage
1511	7	0.9450695	7/776d91a8.txt	https://onbeing.org/programs/david-brooks-e-j-dionne-sinfulness-hopefulness-and-the-possibility-of-politics
1448	6	0.9482044	1/1e03406d.txt	https://onbeing.org/programs/david-fox-and-bruce-weigl-sacrifice-and-reconciliation
1514	7	0.92338175	3/3667468e.txt	https://onbeing.org/programs/david-brooks-and-e-j-dionne-obamas-theologian-reinhold-niebuhr-and-the-american-present
1255	7	0.94262946	a/a48e08c3.txt	https://onbeing.org/programs/david-gushee-frances-kissling-pro-life-pro-choice-pro-dialogue-2
1173	6	0.9394714	3/3d200b27.txt	https://onbeing.org/programs/david-hilfiker-seeing-poverty-after-katrina
1084	6	0.94464946	e/e71471e6.txt	https://onbeing.org/programs/david-hartman-hope-in-a-hopeless-god
1135	6	0.9550661	f/f93bc99c.txt	https://onbeing.org/programs/david-isay-listening-as-an-act-of-love
1348	7	0.94807124	e/eec1dac6.txt	https://onbeing.org/programs/david-montgomery-reading-the-rocks-flood-stories-and-deep-time
1073	6	0.9534017	f/f1ae5cd9.txt	https://onbeing.org/programs/david-steindl-rast-anatomy-of-gratitude
1386	7	0.95815295	b/b3b5e8b0.txt	https://onbeing.org/programs/david-sloan-wilson-evolving-a-city
1249	6	0.94715774	d/d56d7b90.txt	https://onbeing.org/programs/david-treuer-language-and-meaning-an-ojibwe-story
1253	6	0.9584996	d/d57e2ca2.txt	https://onbeing.org/programs/david-whyte-the-conversational-nature-of-reality
1107	7	0.9620596	a/aa117d41.txt	https://onbeing.org/programs/desmond-tutu-a-god-of-surprises
1316	6	0.9559271	a/a7b49c59.txt	https://onbeing.org/programs/debbie-morris-helen-prejean-and-elie-spitz-reflections-on-the-death-penalty-in-america
1359	6	0.95069903	7/776f306d.txt	https://onbeing.org/programs/diane-winston-tv-and-parables-of-our-time
1210	6	0.9413223	c/cca2d77d.txt	https://onbeing.org/programs/diane-winston-monsters-we-love-tvs-pop-culture-theodicy
1106	6	0.95027125	2/230ec35c.txt	https://onbeing.org/programs/doris-taylor-stem-cells-untold-stories
1557	7	0.94219655	b/b5eca718.txt	https://onbeing.org/programs/douglas-johnston-diplomacy-and-religion-in-the-21st-century
1280	7	0.9585937	e/ebb3574e.txt	https://onbeing.org/programs/don-saliers-and-edward-foley-the-meaning-of-communion-at-the-table
1357	6	0.95283717	4/44f1058b.txt	https://onbeing.org/programs/e-ethelbert-miller-black-and-universal
1513	7	0.95836085	6/66a0720b.txt	https://onbeing.org/programs/dr-oz-heart-and-soul
1582	7	0.9310999	a/a790ddb6.txt	https://onbeing.org/programs/ed-husain-reflections-of-a-former-islamist-extremist
1101	7	0.9627611	f/f59c3f64.txt	https://onbeing.org/programs/eckhart-tolle-the-power-of-now
1474	6	0.9294437	c/c38260f5.txt	https://onbeing.org/programs/eboo-patel-religious-passion-pluralism-and-the-young
1212	6	0.9521452	4/42cb8369.txt	https://onbeing.org/programs/elie-wiesel-the-tragedy-of-the-believer
1218	6	0.9671593	3/3df796cb.txt	https://onbeing.org/programs/elizabeth-alexander-words-that-shimmer
1278	6	0.96165884	b/b8971847.txt	https://onbeing.org/programs/elizabeth-gilbert-choosing-curiosity-over-fear
1200	7	0.9583333	8/8ca76456.txt	https://onbeing.org/programs/ellen-davis-wendell-berry-the-poetry-of-creatures
1122	7	0.9581105	a/a3a09b13.txt	https://onbeing.org/programs/ellen-langer-science-of-mindlessness-and-mindfulness
1371	6	0.9438366	7/77d580ec.txt	https://onbeing.org/programs/esther-sternberg-stress-and-the-balance-within
1216	7	0.9416118	a/affe5a20.txt	https://onbeing.org/programs/enrique-martinez-celaya-the-whisper-of-the-order-of-things-jun2017
1251	6	0.93605113	6/6510e72.txt	https://onbeing.org/programs/ernie-lapointe-cedric-good-house-reimagining-sitting-bull-tatanka-iyotake-3
1436	7	0.9630919	f/fd692fb3.txt	https://onbeing.org/programs/elliot-dorff-and-luke-timothy-johnson-marriage-family-and-divorce
973	6	0.967112	6/654a4e09.txt	https://onbeing.org/programs/eugene-peterson-entering-into-what-is-there
1315	6	0.95361215	d/df97a555.txt	https://onbeing.org/programs/esther-sternberg-the-science-of-healing-places
1147	7	0.9677419	d/d20b92ec.txt	https://onbeing.org/programs/eula-biss-lets-talk-about-whiteness-jan2017
1488	6	0.95228493	6/623a3b07.txt	https://onbeing.org/programs/evolving-faith
1167	6	0.9640103	b/b74f7613.txt	https://onbeing.org/programs/eve-ensler-the-body-after-cancer
1240	6	0.9564516	e/e7f3e44e.txt	https://onbeing.org/programs/fatemeh-keshavarz-the-ecstatic-faith-of-rumi
1443	7	0.952876	d/d897f1dc.txt	https://onbeing.org/programs/freeman-dyson-and-paul-davies-einsteins-god
1265	7	0.96284586	4/4a1c572c.txt	https://onbeing.org/programs/frank-wilczek-why-is-the-world-so-beautiful
1353	7	0.9541759	6/65d07791.txt	https://onbeing.org/programs/george-f-r-ellis-science-and-hope
1076	6	0.94423795	d/d02a85be.txt	https://onbeing.org/programs/glenn-beck-what-you-do-will-be-a-pivot-point-may2017
1238	6	0.9353796	8/826cd388.txt	https://onbeing.org/programs/grace-lee-boggs-a-century-in-the-world
1129	6	0.9574845	5/5c6becab.txt	https://onbeing.org/programs/gordon-hempton-silence-and-the-presence-of-everything
1089	6	0.93939394	c/c98e4ae8.txt	https://onbeing.org/programs/gustavo-santaolalla-how-movie-music-moves-us
1366	6	0.94363105	e/e22660d8.txt	https://onbeing.org/programs/guy-consolmagno-george-coyne-asteroids-stars-and-the-love-of-god
1502	7	0.93541944	2/20871963.txt	https://onbeing.org/programs/greg-epstein-exploring-a-new-humanism
1108	6	0.9395307	7/77615fb0.txt	https://onbeing.org/programs/gwendolyn-zoharah-simmons-and-lucas-johnson-the-movement-remembered-forward
1127	7	0.9414374	1/19263c68.txt	https://onbeing.org/programs/frances-kissling-listening-beyond-life-and-choice
1424	7	0.9466292	8/8194ff21.txt	https://onbeing.org/programs/harvey-cox-jr-beyond-the-atheism-religion-divide
1022	7	0.93933463	1/1b92431f.txt	https://onbeing.org/programs/fr-alberto-ambrosio-and-metropolitan-elpidophoros-lambriniadis-spiritual-boundaries-in-modern-turkey
1320	7	0.95454544	a/a6ea6432.txt	https://onbeing.org/programs/heather-mcghee-and-matt-kibbe-repairing-the-breach-apr2017
1240	7	0.96370965	e/eb9eeaaf.txt	https://onbeing.org/programs/hendrik-hertzberg-pankaj-mishra-serene-jones-remembering-forward-ten-years-after-911
1314	6	0.94596654	4/40afb898.txt	https://onbeing.org/programs/greg-boyle-the-calling-of-delight-gangs-service-and-kinship
1158	6	0.94905007	8/820035b3.txt	https://onbeing.org/programs/his-holiness-the-14th-dalai-lama-of-tibet-jonathan-sacks-katharine-jefferts-schori-seyyed-hossein-nasr-pursuing-happiness
1196	6	0.94481605	8/8942d034.txt	https://onbeing.org/programs/helen-fisher-this-is-your-brain-on-sex-apr2017
1419	6	0.9457364	1/1e0da02c.txt	https://onbeing.org/programs/humor-as-a-tool-for-survival-jun2017
1224	6	0.9362745	5/5e15ea4a.txt	https://onbeing.org/programs/indigo-girls-music-and-finding-god-in-church-and-smoky-bars
1327	7	0.9547852	f/f7a8fdf.txt	https://onbeing.org/programs/imani-perry-the-fabric-of-our-identity
1335	7	0.9565543	4/41e06224.txt	https://onbeing.org/programs/ingrid-jordt-burma-buddhism-and-power
1315	7	0.9520913	6/641f665d.txt	https://onbeing.org/programs/ingrid-mattson-a-new-voice-for-islam
1282	7	0.9453978	f/fcbd4573.txt	https://onbeing.org/programs/isabel-mukonyora-sacred-wilderness-an-african-story
1250	7	0.952	7/7ff82bf1.txt	https://onbeing.org/programs/ira-byock-contemplating-mortality
1292	7	0.9736842	a/a407ab23.txt	https://onbeing.org/programs/jacob-needleman-the-inward-work-of-democracy
1357	7	0.935888	6/6092af.txt	https://onbeing.org/programs/jacqueline-novogratz-a-different-kind-of-capitalism
1294	7	0.94899535	5/5d07a5a4.txt	https://onbeing.org/programs/isabel-wilkerson-the-heart-is-the-last-frontier
1178	7	0.95925295	3/35517323.txt	https://onbeing.org/programs/james-doty-the-magic-shop-of-the-brain
1560	7	0.9474359	6/6e62b7b5.txt	https://onbeing.org/programs/james-moore-evolution-and-wonder-understanding-charles-darwin
1207	6	0.9560895	c/c1a688d8.txt	https://onbeing.org/programs/james-martin-finding-god-in-all-things-2
1374	7	0.96215427	7/74864701.txt	https://onbeing.org/programs/james-smith-and-nancey-murphy-evangelicals-out-of-the-box
1355	7	0.9468635	9/9aab149b.txt	https://onbeing.org/programs/james-prosek-fishing-with-mystery
1051	6	0.96003807	8/8de58988.txt	https://onbeing.org/programs/jane-gross-the-far-shore-of-aging
1212	6	0.9372937	7/78978643.txt	https://onbeing.org/programs/jaroslav-pelikan-the-need-for-creeds
1324	7	0.9758308	6/685f8969.txt	https://onbeing.org/programs/janna-levin-mathematics-purpose-and-truth
1427	7	0.94533986	f/fd660dee.txt	https://onbeing.org/programs/jean-bethke-elshtain-john-paul-lederach-and-michael-orange-justice-and-a-just-war
1137	6	0.94635004	c/c476642e.txt	https://onbeing.org/programs/jean-berko-gleason-unfolding-language-unfolding-life
1125	6	0.95644444	9/9058b1de.txt	https://onbeing.org/programs/jean-vanier-the-wisdom-of-tenderness
1503	6	0.9627412	5/563cdd9e.txt	https://onbeing.org/programs/jelle-de-boer-and-ursula-goodenough-the-morality-of-nature
1229	6	0.9609439	2/2177f64.txt	https://onbeing.org/programs/jennifer-michael-hecht-suicide-and-hope-for-our-future-selves
1370	7	0.959854	d/dd83affb.txt	https://onbeing.org/programs/jim-bradley-michael-ruse-the-evolution-of-the-science-religion-debate
1335	7	0.9445693	8/8e035127.txt	https://onbeing.org/programs/jimmy-wales-the-sum-of-all-human-knowledge-2
1410	6	0.94255316	b/b794cc55.txt	https://onbeing.org/programs/jim-wallis-the-new-evangelical-leaders-part-i
1218	7	0.95155996	2/2618f7a8.txt	https://onbeing.org/programs/joan-halifax-a-midwife-to-the-dying
1443	7	0.92931396	8/87a9c62e.txt	https://onbeing.org/programs/jim-daly-gabe-lyons-the-next-christians
1389	6	0.9661627	d/da6439c.txt	https://onbeing.org/programs/jennifer-michael-hecht-a-history-of-doubt
1306	7	0.9525268	c/cc224ffd.txt	https://onbeing.org/programs/joan-brown-campbell-and-thomas-hoyt-jr-living-reconciliation-two-ecumenical-pioneers
1299	6	0.9253272	5/5d30aaf1.txt	https://onbeing.org/programs/jo-anne-horstmann-larche-a-community-of-brokenness-and-beauty
1168	6	0.96147263	3/3d1c58df.txt	https://onbeing.org/programs/joe-henry-the-mystery-and-adventure-of-life-and-songwriting
1088	6	0.9586397	8/8e48e1e0.txt	https://onbeing.org/programs/joe-carter-the-legacy-of-the-african-american-spiritual
1232	6	0.9415584	5/510735b.txt	https://onbeing.org/programs/joanna-macy-a-wild-love-for-the-world
1423	7	0.9381588	8/863c1082.txt	https://onbeing.org/programs/joanna-brooks-mormons-demystified
1192	7	0.93036914	3/3a032fe5.txt	https://onbeing.org/programs/joan-halifax-compassions-edge-states-and-caring-better
1188	7	0.9520202	7/72a098f9.txt	https://onbeing.org/programs/joel-marcus-the-jewish-roots-of-the-christian-story
1236	6	0.9619741	7/756268f8.txt	https://onbeing.org/programs/john-a-powell-opening-the-question-of-race-to-the-question-of-belonging
1207	7	0.953604	e/e332a922.txt	https://onbeing.org/programs/john-danforth-conservative-politics-and-moderate-religion
1250	7	0.9664	1/13ae2985.txt	https://onbeing.org/programs/john-lipscomb-and-catherine-roskam-homosexuality-and-the-divided-church
1090	6	0.94678897	e/ec01b780.txt	https://onbeing.org/programs/john-lewis-love-in-action-jan2017
1325	7	0.95396227	4/49d57587.txt	https://onbeing.org/programs/john-odonohue-the-inner-landscape-of-beauty
1345	7	0.9486989	1/13614682.txt	https://onbeing.org/programs/john-paul-lederach-the-art-of-peace
853	6	0.95545137	f/fda73825.txt	https://onbeing.org/programs/jonathan-haidt-melvin-konner-capitalism-and-moral-evolution-a-civil-provocation
1394	7	0.956241	1/1f297e60.txt	https://onbeing.org/programs/john-polkinghorne-quarks-and-creation
1443	7	0.9265419	d/d370db35.txt	https://onbeing.org/programs/jonathan-greenblatt-the-business-of-doing-good
1346	7	0.93833584	b/b03484bd.txt	https://onbeing.org/programs/jon-kabat-zinn-opening-to-our-lives
1545	7	0.958576	4/4a8cef47.txt	https://onbeing.org/programs/jonathan-haidt-the-psychology-behind-morality
1322	7	0.9455371	3/364aac60.txt	https://onbeing.org/programs/jonathan-sacks-the-dignity-of-difference
1134	7	0.96031743	8/8df63f04.txt	https://onbeing.org/programs/joy-ladin-transgender-amid-orthodoxy-i-am-who-i-will-be-mar2017
1378	7	0.9470247	d/d9564363.txt	https://onbeing.org/programs/joseph-califano-religion-and-politics
1462	7	0.9637483	e/e5719b4d.txt	https://onbeing.org/programs/karen-armstrong-freelance-monotheism
1525	6	0.95213115	a/aad197b6.txt	https://onbeing.org/programs/joseph-l-price-in-praise-of-play
1190	6	0.9588235	9/9dad0a6b.txt	https://onbeing.org/programs/kate-braestrup-a-presence-in-the-wild
1209	7	0.9677419	4/4b46976b.txt	https://onbeing.org/programs/katy-payne-in-the-presence-of-elephants-and-whales
1378	7	0.9528302	6/681f4e47.txt	https://onbeing.org/programs/joshua-dubois-obamas-faith-based-office
1440	7	0.9326389	8/82cecbc8.txt	https://onbeing.org/programs/kecia-ali-omid-safi-precious-rasheeda-muhammad-and-michael-wolfe-progressive-islam-in-america
1312	7	0.9428354	6/69db8aab.txt	https://onbeing.org/programs/keith-devlin-the-joy-of-math-learning-and-what-it-means-to-be-human
1272	6	0.9646226	d/d5d7e8c2.txt	https://onbeing.org/programs/kevin-kling-the-losses-and-laughter-we-grow-into
1456	7	0.9567308	9/977a0cf0.txt	https://onbeing.org/programs/khaled-abou-el-fadl-richard-j-mouw-and-yossi-klein-halevi-the-power-of-fundamentalism
1591	7	0.95851666	f/f318b779.txt	https://onbeing.org/programs/krista-tippett-remembering-forward
1211	7	0.9562345	2/2dd656d0.txt	https://onbeing.org/programs/khaled-abou-el-fadl-and-harold-m-schulweis-religion-and-our-world-in-crisis
1451	6	0.9510682	f/fb9e60e5.txt	https://onbeing.org/programs/laurie-zoloth-a-theological-perspective-on-cloning
1273	7	0.96307933	5/5f7e7190.txt	https://onbeing.org/programs/kwame-anthony-appiah-sidling-up-to-difference-social-change-and-moral-revolutions
1332	7	0.951952	b/b45820e1.txt	https://onbeing.org/programs/krista-tippett-the-mystery-and-art-of-living
1297	7	0.95065534	5/5210e7fa.txt	https://onbeing.org/programs/lawrence-krauss-our-origins-and-the-weight-of-space
1219	6	0.9319114	e/e6a4c5d4.txt	https://onbeing.org/programs/lawrence-kushner-kabbalah-and-the-inner-life-of-god
1017	6	0.9626352	a/a616804.txt	https://onbeing.org/programs/layli-long-soldier-the-freedom-of-real-apologies-mar2017
1208	7	0.9594371	9/9cad11a4.txt	https://onbeing.org/programs/leila-ahmed-muslim-women-and-other-misunderstandings
1194	6	0.96566164	9/99341e2d.txt	https://onbeing.org/programs/leonard-mlodinow-randomness-and-choice-2
1505	7	0.9209302	9/95e0aba2.txt	https://onbeing.org/programs/living-islam
1252	7	0.9592652	4/4fddc347.txt	https://onbeing.org/programs/lisa-randall-dark-matter-and-the-astounding-interconnectedness-of-everything
1232	7	0.96672076	c/c5936d21.txt	https://onbeing.org/programs/louis-newman-the-refreshing-practice-of-repentance
1322	7	0.9546142	7/72a0cb18.txt	https://onbeing.org/programs/luke-timothy-johnson-and-bernadette-brooten-deciphering-the-da-vinci-code
1321	7	0.9318698	e/ed2e9876.txt	https://onbeing.org/programs/malka-haya-fenyvesi-and-aziza-hasan-curiosity-over-assumptions
1521	6	0.94017094	a/a7f7c445.txt	https://onbeing.org/programs/major-john-morris-the-soul-of-war
1248	7	0.94871795	d/d5ee9ec2.txt	https://onbeing.org/programs/lyndsey-stonebridge-thinking-and-friendship-in-dark-times-hannah-arendt-for-now-may2017
1202	6	0.9559068	6/644ce347.txt	https://onbeing.org/programs/mahzarin-banaji-the-mind-is-a-difference-seeking-machine
1338	7	0.9245142	9/9309cf5c.txt	https://onbeing.org/programs/manuel-vasquez-latino-migrations-and-the-changing-face-of-religion-in-the-americas
1165	7	0.9536481	2/24821bfc.txt	https://onbeing.org/programs/margaret-wertheim-the-grandeur-and-limits-of-science-feb2017
1362	7	0.9361234	b/b4f439de.txt	https://onbeing.org/programs/maria-popova-cartographer-of-meaning-in-a-digital-age-jan2017
1304	6	0.9539877	8/874a27f8.txt	https://onbeing.org/programs/mariane-pearl-a-spirit-of-defiance
1268	6	0.9676656	3/38ad96e1.txt	https://onbeing.org/programs/marie-howe-the-power-of-words-to-save-us-may2017
1176	6	0.95153064	f/fe094b82.txt	https://onbeing.org/programs/marilyn-nelson-communal-pondering-in-a-noisy-world-feb2017
1176	7	0.9710884	3/37911a4c.txt	https://onbeing.org/programs/marilynne-robinson-marcelo-gleiser-the-mystery-we-are
1519	7	0.95655036	8/84771d57.txt	https://onbeing.org/programs/mario-cuomo-and-mark-souder-faith-and-politics-in-america
1303	6	0.9493477	9/9c32c069.txt	https://onbeing.org/programs/maria-tatar-the-great-cauldron-of-story-why-fairy-tales-are-for-adults-again
1404	7	0.9408832	e/e332e1dc.txt	https://onbeing.org/programs/mark-hyman-james-gordon-penny-george-the-evolution-of-medicine
1330	7	0.9548872	1/1fcebbac.txt	https://onbeing.org/programs/martin-doblmeier-ethics-and-the-will-of-god-the-legacy-of-dietrich-bonhoeffer
1681	7	0.9286139	7/7e1a144d.txt	https://onbeing.org/programs/martin-marty-americas-changing-religious-landscape
968	7	0.9566116	e/ee36f893.txt	https://onbeing.org/programs/mario-livio-mysteries-of-an-expanding-universe
1392	7	0.95689654	f/f684d70f.txt	https://onbeing.org/programs/martin-rees-cosmic-origami-and-what-we-dont-know
1180	6	0.94661015	f/ff48f0a1.txt	https://onbeing.org/programs/mary-catherine-bateson-composing-a-life-aug2017
1273	6	0.93794185	c/cf844aea.txt	https://onbeing.org/programs/martin-sheen-spirituality-of-imagination-jun2017
1126	6	0.95737123	6/6f21f657.txt	https://onbeing.org/programs/mary-catherine-bateson-composing-a-life
1507	6	0.94625086	3/3a81cb71.txt	https://onbeing.org/programs/mary-doria-russell-the-novelist-as-god
1204	6	0.95681065	1/1f26d117.txt	https://onbeing.org/programs/mary-karr-astonished-by-the-human-comedy
1105	6	0.9710407	5/593e30f2.txt	https://onbeing.org/programs/mary-oliver-listening-to-the-world
1268	6	0.96056783	c/c51f5d8f.txt	https://onbeing.org/programs/matthew-sanford-the-bodys-grace
1352	7	0.94822484	b/bb716bdb.txt	https://onbeing.org/programs/mayfair-yang-chinas-hidden-spiritual-landscape
1310	7	0.94961834	b/be3d4105.txt	https://onbeing.org/programs/maya-angelou-elizabeth-alexander-arnold-rampersad-w-e-b-du-bois-and-the-american-soul
1239	6	0.9491525	d/dcd7ab87.txt	https://onbeing.org/programs/mercedes-doretti-laying-the-dead-to-rest
1256	6	0.9482484	d/d256ce4f.txt	https://onbeing.org/programs/meredith-monk-archaeologist-of-the-human-voice
1423	7	0.9437807	a/a7104883.txt	https://onbeing.org/programs/matthieu-ricard-happiness-as-human-flourishing-jul2017
1382	7	0.9536903	3/30c9d5af.txt	https://onbeing.org/programs/michael-cromartie-and-e-j-dionne-religion-on-the-campaign-trail
1172	6	0.95051193	5/5e5a9fe2.txt	https://onbeing.org/programs/michael-longley-the-vitality-of-ordinary-things
1257	7	0.96897376	6/6beabf81.txt	https://onbeing.org/programs/michelle-alexander-who-we-want-to-become-beyond-the-new-jim-crow
1342	7	0.9552906	d/d3d6a14f.txt	https://onbeing.org/programs/michael-mccullough-getting-revenge-and-forgiveness
1221	7	0.96150696	4/4ed9a2ac.txt	https://onbeing.org/programs/mike-rose-the-intelligence-in-all-kinds-of-work-and-the-human-core-of-all-education-that-matters
1439	7	0.9367616	b/b6d12fd1.txt	https://onbeing.org/programs/mel-robeck-spiritual-tidal-wave-the-origins-and-impact-of-pentecostalism
1121	6	0.9286351	4/4c615406.txt	https://onbeing.org/programs/mirabai-bush-search-inside-yourself-contemplation-in-life-and-work-2
1266	6	0.96445495	8/83dd8b0e.txt	https://onbeing.org/programs/michel-martin-the-fabric-of-our-identity
1152	6	0.9375	2/2f20ac2f.txt	https://onbeing.org/programs/mohammad-darawshe-children-of-both-identities
1283	7	0.95791113	d/dc868ae1.txt	https://onbeing.org/programs/miroslav-volf-religion-and-violence
1095	6	0.9232877	1/165c55ad.txt	https://onbeing.org/programs/mohammed-fairouz-the-world-in-counterpoint
1335	7	0.9258427	7/7320e47c.txt	https://onbeing.org/programs/mohammed-abu-nimer-sami-adwan-two-narratives-reflections-on-the-israeli-palestinian-present-part-2
1357	7	0.95283717	7/7d92804c.txt	https://onbeing.org/programs/muqtedar-khan-and-cheryl-sanders-the-other-religious-america-in-election-2004
1274	6	0.94976455	7/783d0087.txt	https://onbeing.org/programs/nadia-bolz-weber-seeing-the-underside-and-seeing-god-tattoos-tradition-and-grace
1408	7	0.92897725	b/b568e09e.txt	https://onbeing.org/programs/mustafa-akyol-religion-democracy-and-the-new-turkey
1276	6	0.9710031	c/cd78cfa1.txt	https://onbeing.org/programs/naomi-shihab-nye-your-life-is-a-poem
1326	6	0.9434389	5/58f67a04.txt	https://onbeing.org/programs/natasha-trethewey-eboo-patel-how-to-live-beyond-this-election
1388	7	0.94884723	b/b9fcff72.txt	https://onbeing.org/programs/nathan-dungan-money-and-moral-balance
1295	7	0.94749033	4/4aa71ccb.txt	https://onbeing.org/programs/nathan-schneider-the-wisdom-of-millennials
1238	6	0.9483037	2/2dbf068f.txt	https://onbeing.org/programs/nikki-giovanni-soul-food-sex-and-space
1233	6	0.94647205	5/5c30bc18.txt	https://onbeing.org/programs/omid-safi-and-seemi-bushra-ghazi-the-spirit-of-islam
1207	6	0.942005	a/af85b3ea.txt	https://onbeing.org/programs/natalie-batalha-exoplanets-and-love-science-that-connects-us-to-one-another
1330	7	0.95338345	9/99ab71b4.txt	https://onbeing.org/programs/nicholas-kristof-journalism-and-compassion
1455	7	0.9388316	a/a2c3104.txt	https://onbeing.org/programs/pankaj-mishra-the-buddha-in-the-world
1386	7	0.96176046	b/b3b5f5b5.txt	https://onbeing.org/programs/parker-palmer-andrew-solomon-anita-barrows-soul-depression-7
1371	6	0.9467542	7/72cf0fed.txt	https://onbeing.org/programs/parker-palmer-phyllis-tickle-and-ingrid-mattson-the-spiritual-fallout-of-911
1336	6	0.94311374	5/5ae7faae.txt	https://onbeing.org/programs/parker-palmer-courtney-martin-the-inner-life-of-rebellion
1308	7	0.9510703	d/dd5b70d9.txt	https://onbeing.org/programs/parker-palmer-repossessing-virtue-economic-crisis-morality-and-meaning
1223	6	0.9337694	2/2428a2ea.txt	https://onbeing.org/programs/patrick-bellegarde-smith-living-vodou
1247	6	0.93584603	b/b067979.txt	https://onbeing.org/programs/patrisse-cullors-and-robert-ross-the-spiritual-work-of-black-lives-matter-may2017
1323	7	0.94633406	f/f41e44ce.txt	https://onbeing.org/programs/paul-collins-jennifer-elder-autism-and-humanity
1249	7	0.95596474	2/280825fc.txt	https://onbeing.org/programs/padraig-o-tuama-belonging-creates-and-undoes-us-both-mar2017
1476	7	0.94376695	3/3eafac87.txt	https://onbeing.org/programs/paul-elie-jean-bethke-elshtain-and-robin-lovin-moral-man-and-immoral-society-rediscovering-reinhold-niebuhr
1378	7	0.9535559	5/5e4983e0.txt	https://onbeing.org/programs/paul-elie-faith-fired-by-literature
1090	6	0.94587153	a/af900d40.txt	https://onbeing.org/programs/paul-muldoon-a-conversation-with-verse
1104	7	0.9619565	4/43212083.txt	https://onbeing.org/programs/pauline-boss-the-myth-of-closure
1466	7	0.952251	2/292574ba.txt	https://onbeing.org/programs/paul-zak-the-science-of-trust-economics-and-virtue
1006	6	0.9473161	b/b0a05fb6.txt	https://onbeing.org/programs/paulo-coelho-the-alchemy-of-pilgrimage
1505	7	0.94152826	5/5c88e460.txt	https://onbeing.org/programs/peter-berger-and-rosabeth-moss-kanter-globalization-and-the-rise-of-religion
1457	7	0.95950586	c/cb5a8259.txt	https://onbeing.org/programs/peter-j-gomes-jean-bethke-elshtain-and-chris-hedges-religion-in-a-time-of-war
1268	6	0.9511041	1/1aabe8f.txt	https://onbeing.org/programs/phil-donahue-transformation-on-screen-and-off
1227	6	0.9478403	b/b69e6090.txt	https://onbeing.org/programs/paul-raushenbush-occupying-the-gospel
1382	6	0.95947903	4/471af46f.txt	https://onbeing.org/programs/pico-iyer-the-art-of-stillness
1416	6	0.94774014	7/72f79aad.txt	https://onbeing.org/programs/phyllis-tickle-and-lynn-schofield-clark-a-return-to-the-mystery-religion-fantasy-and-entertainment
1352	7	0.9519231	c/c42e4c70.txt	https://onbeing.org/programs/prabhu-guptara-the-gods-of-business
1236	7	0.96359223	1/1b3bd688.txt	https://onbeing.org/programs/rachel-naomi-remen-listening-generously
1128	7	0.96187943	6/67689cb5.txt	https://onbeing.org/programs/rachel-yehuda-how-trauma-and-resilience-cross-generations
1322	7	0.92511344	1/110550c.txt	https://onbeing.org/programs/rami-nashashibi-a-new-coming-together
1427	6	0.9537491	5/5e748c6.txt	https://onbeing.org/programs/repossessing-virtue-living-differently-beyond-economic-crisis
1428	7	0.9579832	2/2f44f51a.txt	https://onbeing.org/programs/rebecca-chopp-kecia-ali-and-mary-stewart-van-leeuwen-women-marriage-and-religion
1520	7	0.94078946	f/fe5e55aa.txt	https://onbeing.org/programs/rebecca-solnit-falling-together
1341	7	0.9649515	3/35f6726a.txt	https://onbeing.org/programs/repossessing-virtue-wise-voices-from-religion-science-industry-and-the-arts
1312	7	0.9481707	7/77501cb7.txt	https://onbeing.org/programs/reza-aslan-islams-reformation
1384	7	0.94219655	9/9622e998.txt	https://onbeing.org/programs/richard-cizik-the-evolution-of-american-evangelicalism
1249	7	0.9527622	e/ec87adc8.txt	https://onbeing.org/programs/rex-jung-creativity-and-the-everyday-brain
1179	7	0.93638676	e/e1a61dff.txt	https://onbeing.org/programs/richard-davidson-investigating-healthy-minds
1301	7	0.95926213	1/198d3fc7.txt	https://onbeing.org/programs/richard-mouw-and-virginia-ramey-mollenkott-gay-marriage-broken-or-blessed-two-evangelical-views
1313	7	0.95582634	7/77fec578.txt	https://onbeing.org/programs/richard-mouw-restoring-political-civility-an-evangelical-view
1422	6	0.96061885	a/a35561a3.txt	https://onbeing.org/programs/richard-rodriguez-the-fabric-of-our-identity
1487	6	0.94014794	c/c408d764.txt	https://onbeing.org/programs/rick-and-kay-warren-at-saddleback
1403	7	0.95794725	4/494f6bdf.txt	https://onbeing.org/programs/richard-wightman-fox-jean-bethke-elshtain-robin-lovin-moral-man-immoral-society-public-theology-reinhold-niehbuhr
1204	7	0.948505	8/83cac1ac.txt	https://onbeing.org/programs/richard-rohr-living-in-deep-time-apr2017
1239	7	0.95803064	e/e80b174a.txt	https://onbeing.org/programs/robert-coles-the-inner-lives-of-children
1178	6	0.95925295	1/1c221f28.txt	https://onbeing.org/programs/robert-coles-diane-komp-and-carol-dittberner-children-and-god
1467	6	0.941377	a/a033a3b2.txt	https://onbeing.org/programs/rick-and-kay-warren-the-new-evangelical-leaders-part-ii
1350	7	0.9414815	7/7d8694b3.txt	https://onbeing.org/programs/robert-millet-inside-mormon-faith
1413	7	0.9497523	9/9ea85e2e.txt	https://onbeing.org/programs/robert-franklin-and-margaret-poloma-pentecostalism-in-america
1443	6	0.95703393	3/3f04420c.txt	https://onbeing.org/programs/robert-pollack-rami-nashashibi-lisa-lampman-leon-weinstein-and-natalie-gold-the-problem-of-evil
1091	6	0.9340055	e/e51d0a92.txt	https://onbeing.org/programs/robi-damelin-ali-abu-awwad-no-more-taking-sides
1271	7	0.9590873	1/1d653489.txt	https://onbeing.org/programs/robert-wright-the-evolution-of-god
1443	7	0.9355509	7/7225f02d.txt	https://onbeing.org/programs/rod-dreher-the-faith-life-of-the-party-part-ii-the-right
1201	7	0.9575354	3/3c448895.txt	https://onbeing.org/programs/robin-wall-kimmerer-the-intelligence-in-all-kinds-of-life
1413	7	0.9419674	a/a6b981f6.txt	https://onbeing.org/programs/roberta-bondi-gregory-plotnikoff-michele-balamani-anoushka-shankar-and-stephen-mitchell-patterns-of-prayer
999	6	0.956957	2/2db41d9f.txt	https://onbeing.org/programs/ruby-sales-where-does-it-hurt
1030	6	0.9504854	5/55ec23f8.txt	https://onbeing.org/programs/rosanne-cash-time-traveler
1545	7	0.9527508	3/31ff46c7.txt	https://onbeing.org/programs/s-james-gates-and-thomas-levenson-einsteins-ethics
1266	7	0.9612954	8/830f5aa0.txt	https://onbeing.org/programs/s-james-gates-uncovering-the-codes-for-reality
1278	6	0.9233177	9/99be9523.txt	https://onbeing.org/programs/samar-jarrah-wajahat-ali-sahar-ullah-et-al-revealing-ramadan
1062	6	0.9698682	3/3eba509b.txt	https://onbeing.org/programs/sandy-eisenberg-sasso-the-spirituality-of-parenting
1387	6	0.96539295	a/adf586ca.txt	https://onbeing.org/programs/sandy-eisenberg-sasso-richard-hays-and-linda-loving-passover-and-easter
1489	7	0.94895905	8/8d9623e1.txt	https://onbeing.org/programs/scott-atran-hopes-and-dreams-in-a-world-of-fear
1223	7	0.944399	5/5710d695.txt	https://onbeing.org/programs/sari-nusseibeh-the-evolution-of-change
1266	6	0.95181674	6/601dcea3.txt	https://onbeing.org/programs/sarah-kays-way-with-words
1285	7	0.95797664	d/d8c0ef86.txt	https://onbeing.org/programs/seane-corn-yoga-meditation-in-action
1345	7	0.92565054	2/2f702ff3.txt	https://onbeing.org/programs/scott-martin-kosofsky-legends-to-live-by
1338	7	0.9312407	9/922b7c7c.txt	https://onbeing.org/programs/seyyed-hossein-nasr-hearing-muslim-voices-since-911
1340	6	0.9425373	d/d52f8090.txt	https://onbeing.org/programs/seth-godin-the-art-of-noticing-and-then-creating
1364	6	0.9596774	9/9e9a9d76.txt	https://onbeing.org/programs/shane-claiborne-a-monastic-revolution
1397	7	0.94702935	8/8e5a345d.txt	https://onbeing.org/programs/sharon-salzberg-lawrence-kushner-anne-lamott-and-omid-safi-the-meaning-of-faith
1271	6	0.9339103	d/d8e8a8cf.txt	https://onbeing.org/programs/sharon-brous-days-of-awe
1235	6	0.9319838	3/3c5757a2.txt	https://onbeing.org/programs/sherry-turkle-alive-enough-reflecting-on-our-technology
1232	7	0.9569805	5/51142567.txt	https://onbeing.org/programs/sherwin-nuland-the-biology-of-the-spirit
1239	6	0.96045196	e/eae392e3.txt	https://onbeing.org/programs/sheryl-sandberg-and-adam-grant-resilience-after-unimaginable-loss-apr2017
1312	7	0.9481707	7/719821c.txt	https://onbeing.org/programs/sharon-salzberg-robert-thurman-meeting-our-enemies-and-our-suffering
1192	6	0.9521812	7/74bfe38e.txt	https://onbeing.org/programs/simone-campbell-how-to-be-spiritually-bold
1288	7	0.9549689	3/3a72f2fa.txt	https://onbeing.org/programs/steven-waldman-beyond-the-god-gap
1253	7	0.96727854	e/ed3d88af.txt	https://onbeing.org/programs/stephen-batchelor-the-limits-of-belief-the-massiveness-of-the-questions
1307	6	0.9433818	c/c329a9a7.txt	https://onbeing.org/programs/sister-joan-chittister-obedience-and-action
1345	7	0.95167285	f/fce32d93.txt	https://onbeing.org/programs/steven-waldman-philip-hamburger-the-long-experiment-of-american-democracy
1345	7	0.9583643	7/7124b0b.txt	https://onbeing.org/programs/steven-waldman-the-future-of-moral-values
1344	7	0.95238096	3/355ba481.txt	https://onbeing.org/programs/steven-waldman-liberating-the-founders
1428	7	0.9558824	7/77bcc073.txt	https://onbeing.org/programs/stuart-brown-play-spirit-and-character
1200	7	0.9508333	a/a31386e0.txt	https://onbeing.org/programs/sen-pete-domenici-alice-rivlin-political-bridge-people
1201	6	0.9408826	b/bfe3583c.txt	https://onbeing.org/programs/studs-terkel-life-faith-and-death
1245	6	0.951004	2/23deb04f.txt	https://onbeing.org/programs/susan-cheever-and-kevin-griffin-the-spirituality-of-addiction-and-recovery
1170	6	0.9461538	1/15cd6a48.txt	https://onbeing.org/programs/sylvia-boorstein-what-we-nurture
1389	6	0.9359251	c/cc01c086.txt	https://onbeing.org/programs/sylvia-earle-her-deepness
1401	7	0.9557459	4/48f20395.txt	https://onbeing.org/programs/sylvia-poggioli-donald-cozzens-and-margaret-a-farley-the-religious-legacy-of-john-paul-ii
1113	7	0.94878703	5/556ae8dd.txt	https://onbeing.org/programs/tami-simon-inner-life-at-work-business-meditation-and-technology
1549	6	0.9470626	d/d61f4c6d.txt	https://onbeing.org/programs/the-beauty-and-challenge-of-being-catholic-hearing-the-faithful
1460	6	0.9589041	1/19736d45.txt	https://onbeing.org/programs/terry-tempest-williams-the-vitality-of-the-struggle
1170	6	0.96068376	d/d3e0d20e.txt	https://onbeing.org/programs/thich-nhat-hanh-cheri-maples-larry-ward-being-peace-in-a-world-of-trauma
1165	7	0.95965666	9/9f1964c1.txt	https://onbeing.org/programs/thupten-jinpa-translating-the-dalai-lama
1492	7	0.93900806	7/7142e06d.txt	https://onbeing.org/programs/the-private-faith-of-jimmy-carter
1169	7	0.94183064	e/e4f7efe1.txt	https://onbeing.org/programs/tiffany-shlain-growing-up-the-internet
1163	7	0.96044713	8/812c9536.txt	https://onbeing.org/programs/tiya-miles-toward-living-memory
1389	7	0.95320374	d/d1746fac.txt	https://onbeing.org/programs/thomas-moore-debra-haffner-and-anthony-ugolnik-spirituality-and-sexuality
1350	7	0.9474074	b/b2f60550.txt	https://onbeing.org/programs/ursula-king-andrew-revkin-and-david-sloan-wilson-teilhard-de-chardins-planetary-mind-and-our-spiritual-evolution
1408	7	0.9410511	5/59df880c.txt	https://onbeing.org/programs/vali-nasr-the-sunni-shia-divide-and-the-future-of-islam
1241	7	0.9508461	e/e1e319c.txt	https://onbeing.org/programs/varadaraja-v-raman-the-hearts-reason-hinduism-and-science
1285	6	0.9673152	2/28d063ac.txt	https://onbeing.org/programs/vigen-guroian-restoring-the-senses-gardening-and-orthodox-easter
961	6	0.9469303	5/550d47bb.txt	https://onbeing.org/programs/vincent-harding-is-america-possible
1311	6	0.93974066	1/147be833.txt	https://onbeing.org/programs/vashti-mckenzie-african-american-woman-leader
1088	6	0.9476103	a/a5ef18d2.txt	https://onbeing.org/programs/vincent-harding-phyllis-tickle-racial-identity-in-the-emerging-church-and-the-world
1152	6	0.9626736	a/a78b1ca1.txt	https://onbeing.org/programs/walter-brueggemann-the-prophetic-imagination
1252	7	0.9592652	e/ec7aaa41.txt	https://onbeing.org/programs/wangari-maathai-planting-the-future
1449	7	0.9461698	1/1b7197da.txt	https://onbeing.org/programs/vincent-cornell-violence-and-crisis-in-islam
1433	7	0.9532449	3/36bb8741.txt	https://onbeing.org/programs/vincent-cornell-the-face-of-the-prophet-cartoons-and-chasm
1365	6	0.96190476	8/8ee7441a.txt	https://onbeing.org/programs/where-was-god
1078	6	0.96753246	1/1147a5f2.txt	https://onbeing.org/programs/xavier-le-pichon-the-fragility-at-the-heart-of-humanity
1150	6	0.9434783	e/ee2767fb.txt	https://onbeing.org/programs/yo-yo-ma-music-happens-between-the-notes
1190	7	0.9453781	2/27f177f.txt	https://onbeing.org/programs/yossi-klein-halevi-thin-places-thick-realities
1320	7	0.9401515	f/f1c46fc0.txt	https://onbeing.org/programs/yossi-klein-halevi-two-narratives-reflections-on-the-israeli-palestinian-present-part-1
